name,table_id,table_name,seat,vietnamese_name,side
Ethan Miller,1,One,,,Groom
Olivia Davis,1,One,,,Groom
Noah Garcia,1,One,,,Groom
Emma Rodriguez,1,One,,,Groom
Liam Wilson,1,One,,,Groom
Ava Martinez,1,One,,,Groom
William Anderson,1,One,,,Groom
Sophia Taylor,1,One,,,Groom
James Thomas,1,One,,,Groom
Isabella Jackson,1,One,,,Groom
Oliver White,2,Two,,,Groom
Mia Harris,2,Two,,,Groom
Benjamin Martin,2,Two,,,Groom
Charlotte Thompson,2,Two,,,Groom
Elijah Garcia,2,Two,,,Groom
Amelia Perez,2,Two,,,Groom
Lucas Hall,2,Two,,,Groom
Harper Young,2,Two,,,Groom
Henry Allen,2,Two,,,Groom
Evelyn King,2,Two,,,Groom
Alexander Wright,3,Three,,,Groom
Abigail Scott,3,Three,,,Groom
Joseph Green,3,Three,,,Groom
Emily Adams,3,Three,,,Groom
Samuel Baker,3,Three,,,Groom
Elizabeth Nelson,3,Three,,,Groom
Daniel Carter,3,Three,,,Groom
Chloe Mitchell,3,Three,,,Groom
Matthew Roberts,3,Three,,,Groom
Ella Phillips,3,Three,,,Groom
Michael Campbell,4,Four,,,Groom
Natalie Evans,4,Four,,,Groom
David Turner,4,Four,,,Groom
Victoria Parker,4,Four,,,Groom
Jacob Collins,4,Four,,,Groom
Lily Edwards,4,Four,,,Groom
Ryan Stewart,4,Four,,,Groom
Grace Morris,4,Four,,,Groom
John Murphy,4,Four,,,Groom
Scarlett Cook,5,Five,,,Bride
Robert Rogers,5,Five,,,Bride
Penelope Bailey,5,Five,,,Bride
Nicholas Reed,5,Five,,,Bride
Layla Kelly,5,Five,,,Bride
Caleb Howard,5,Five,,,Bride
Riley Bennett,5,Five,,,Bride
Owen Ward,5,Five,,,Bride
Zoey Cox,5,Five,,,Bride
Dylan Barnes,5,Five,,,Bride
Nora Myers,5,Five,,,Bride
Nathan Price,6,Six,,,Bride
Eleanor Long,6,Six,,,Bride
Andrew Peterson,6,Six,,,Bride
Hannah Sanchez,6,Six,,,Bride
Gabriel Ross,6,Six,,,Bride
Hazel Griffin,6,Six,,,Bride
Joshua Chapman,6,Six,,,Bride
Aurora Hayes,6,Six,,,Bride
Christopher Ford,6,Six,,,Bride
Savannah Perry,6,Six,,,Bride
Anthony Powell,7,Seven,,,Bride
Stella Simmons,7,Seven,,,Bride
Kevin Henderson,7,Seven,,,Bride
Violet Brooks,7,Seven,,,Bride
Tyler Wood,7,Seven,,,Bride
Claire Watson,7,Seven,,,Bride
Brandon Coleman,7,Seven,,,Bride
Lucy Jenkins,7,Seven,,,Bride
Jonathan Bryant,7,Seven,,,Bride
Paisley Sullivan,7,Seven,,,Bride
Samuel Bell,8,Eight,,,Groom
Willow Rivera,8,Eight,,,Groom
Justin Cooper,8,Eight,,,Groom
Sadie Richardson,8,Eight,,,Groom
Aaron Morgan,8,Eight,,,Groom
Ruby Gomez,8,Eight,,,Groom
Adam Myers,8,Eight,,,Groom
Alice Brown,8,Eight,,,Groom
Jose Diaz,8,Eight,,,Groom
Eva Stone,8,Eight,,,Groom
Cameron Sanders,9,Nine,,,Groom
Josie Newman,9,Nine,,,Groom
Thomas Cole,9,Nine,,,Groom
Cora Murray,9,Nine,,,Groom
Kyle Wells,9,Nine,,,Groom
Madelyn Foster,9,Nine,,,Groom
Charles Hayes,9,Nine,,,Groom
Lydia Bishop,9,Nine,,,Groom
Eric Webb,9,Nine,,,Groom
Bella Day,9,Nine,,,Groom
Austin Fox,10,Ten,,,Groom
Naomi Vega,10,Ten,,,Groom
Connor Lucas,10,Ten,,,Groom
Audrey Shaw,10,Ten,,,Groom
Christian Rice,10,Ten,,,Groom
Skylar Olsen,10,Ten,,,Groom
Hunter Black,10,Ten,,,Groom
Camila Grant,10,Ten,,,Groom
Jordan Rose,10,Ten,,,Groom
Sophie Chapman,10,Ten,,,Groom
Angel Ford,11,Eleven,,,Groom
Athena Perry,11,Eleven,,,Groom
Adrian Powell,11,Eleven,,,Groom
Luna Simmons,11,Eleven,,,Groom
Julian Henderson,11,Eleven,,,Groom
Iris Brooks,11,Eleven,,,Groom
Bryan Wood,11,Eleven,,,Groom
Ivy Watson,11,Eleven,,,Groom
Adrian Coleman,11,Eleven,,,Groom
Maya Jenkins,11,Eleven,,,Groom
Chase Bryant,12,Twelve,,,Bride
Gianna Sullivan,12,Twelve,,,Bride
Jeremy Bell,12,Twelve,,,Bride
Willow Rivera,12,Twelve,,,Bride
Dominic Cooper,12,Twelve,,,Bride
Clara Richardson,12,Twelve,,,Bride
Xavier Morgan,12,Twelve,,,Bride
Vivian Gomez,12,Twelve,,,Bride
Blake Myers,12,Twelve,,,Bride
Stella Brown,12,Twelve,,,Bride
Jaden Diaz,13,Thirteen,,,Bride
Nova Stone,13,Thirteen,,,Bride
Asher Sanders,13,Thirteen,,,Bride
Leah Newman,13,Thirteen,,,Bride
Cole Cole,13,Thirteen,,,Bride
Olive Murray,13,Thirteen,,,Bride
Carson Wells,13,Thirteen,,,Bride
Quinn Foster,13,Thirteen,,,Bride
Miles Hayes,13,Thirteen,,,Bride
Willow Bishop,13,Thirteen,,,Bride
Brody Webb,14,Fourteen,,,Bride
Hazel Day,14,Fourteen,,,Bride
Wesley Fox,14,Fourteen,,,Bride
Ruby Vega,14,Fourteen,,,Bride
Travis Lucas,14,Fourteen,,,Bride
Jade Shaw,14,Fourteen,,,Bride
Cooper Rice,14,Fourteen,,,Bride
Freya Olsen,14,Fourteen,,,Bride
Nolan Black,14,Fourteen,,,Bride
Luna Grant,14,Fourteen,,,Bride
Joel Rose,15,Fifteen,,,Groom
Aurora Chapman,15,Fifteen,,,Groom
Alec Ford,15,Fifteen,,,Groom
Isla Perry,15,Fifteen,,,Groom
Marcus Powell,15,Fifteen,,,Groom
Rose Simmons,15,Fifteen,,,Groom
Preston Henderson,15,Fifteen,,,Groom
Amelia Brooks,15,Fifteen,,,Groom
Vincent Wood,15,Fifteen,,,Groom
Eleanor Watson,15,Fifteen,,,Groom
Grant Coleman,16,Sixteen,,,Groom
Eloise Jenkins,16,Sixteen,,,Groom
Cade Bryant,16,Sixteen,,,Groom
Penelope Sullivan,16,Sixteen,,,Groom
Ryder Bell,16,Sixteen,,,Groom
Violet Rivera,16,Sixteen,,,Groom
Damian Cooper,16,Sixteen,,,Groom
Scarlett Richardson,16,Sixteen,,,Groom
Maxwell Morgan,16,Sixteen,,,Groom
Beatrice Gomez,16,Sixteen,,,Groom
Silas Myers,17,Seventeen,,,Groom
Margot Brown,17,Seventeen,,,Groom
Dean Diaz,17,Seventeen,,,Groom
Josephine Stone,17,Seventeen,,,Groom
Emmett Sanders,17,Seventeen,,,Groom
Willow Newman,17,Seventeen,,,Groom
Harrison Cole,17,Seventeen,,,Groom
Clementine Murray,17,Seventeen,,,Groom
Graham Wells,17,Seventeen,,,Groom
Matilda Foster,17,Seventeen,,,Groom
Jude Hayes,18,Eighteen,,,Groom
Alice Bishop,18,Eighteen,,,Groom
Ronan Webb,18,Eighteen,,,Groom
Phoebe Day,18,Eighteen,,,Groom
Brooks Fox,18,Eighteen,,,Groom
Sylvie Vega,18,Eighteen,,,Groom
Finn Lucas,18,Eighteen,,,Groom
Wren Shaw,18,Eighteen,,,Groom
Sawyer Rice,18,Eighteen,,,Groom
Lyra Olsen,18,Eighteen,,,Groom
Leo Black,19,Nineteen,,,Bride
Dahlia Grant,19,Nineteen,,,Bride
Jasper Rose,19,Nineteen,,,Bride
Hazel Chapman,19,Nineteen,,,Bride
Milo Ford,19,Nineteen,,,Bride
Juniper Perry,19,Nineteen,,,Bride
Theodore Powell,19,Nineteen,,,Bride
Skye Simmons,19,Nineteen,,,Bride
Owen Henderson,19,Nineteen,,,Bride
Summer Brooks,19,Nineteen,,,Bride
Felix Wood,20,Twenty,,,Bride
Autumn Watson,20,Twenty,,,Bride
Henry Coleman,20,Twenty,,,Bride
Winter Jenkins,20,Twenty,,,Bride
Arthur Bryant,20,Twenty,,,Bride
River Sullivan,20,Twenty,,,Bride
Oscar Bell,20,Twenty,,,Bride
Ocean Rivera,20,Twenty,,,Bride
George Cooper,20,Twenty,,,Bride
Forest Richardson,20,Twenty,,,Bride
Walter Morgan,21,Twenty-one,,,Bride
Meadow Gomez,21,Twenty-one,,,Bride
Frederick Myers,21,Twenty-one,,,Bride
Willow Brown,21,Twenty-one,,,Bride
Samuel Diaz,21,Twenty-one,,,Bride
Lily Stone,21,Twenty-one,,,Bride
Edward Sanders,21,Twenty-one,,,Bride
Rose Newman,21,Twenty-one,,,Bride
Clarence Cole,21,Twenty-one,,,Bride
Daisy Murray,21,Twenty-one,,,Bride
Raymond Wells,22,Twenty-two,,,Groom
Violet Foster,22,Twenty-two,,,Groom
Harold Hayes,22,Twenty-two,,,Groom
Poppy Bishop,22,Twenty-two,,,Groom
Ernest Webb,22,Twenty-two,,,Groom
Iris Day,22,Twenty-two,,,Groom
Louis Fox,22,Twenty-two,,,Groom
Jasmine Vega,22,Twenty-two,,,Groom
Paul Lucas,22,Twenty-two,,,Groom
Magnolia Shaw,22,Twenty-two,,,Groom
Roy Rice,23,Twenty-three,,,Groom
Clover Olsen,23,Twenty-three,,,Groom
Howard Black,23,Twenty-three,,,Groom
Marigold Grant,23,Twenty-three,,,Groom
Carl Rose,23,Twenty-three,,,Groom
Petunia Chapman,23,Twenty-three,,,Groom
Ralph Ford,23,Twenty-three,,,Groom
Zinnia Perry,23,Twenty-three,,,Groom
Herbert Powell,23,Twenty-three,,,Groom
Blossom Simmons,23,Twenty-three,,,Groom
Earl Henderson,24,Twenty-four,,,Groom
Fern Brooks,24,Twenty-four,,,Groom
Donald Wood,24,Twenty-four,,,Groom
Brooke Watson,24,Twenty-four,,,Groom
Clifford Coleman,24,Twenty-four,,,Groom
Misty Jenkins,24,Twenty-four,,,Groom
Bernard Bryant,24,Twenty-four,,,Groom
Dawn Sullivan,24,Twenty-four,,,Groom
Lester Bell,24,Twenty-four,,,Groom
Sunny Rivera,24,Twenty-four,,,Groom
Marvin Cooper,25,Twenty-five,,,Groom
Sky Richardson,25,Twenty-five,,,Groom
Floyd Morgan,25,Twenty-five,,,Groom
Rain Gomez,25,Twenty-five,,,Groom
Cecil Myers,25,Twenty-five,,,Groom
Stormy Brown,25,Twenty-five,,,Groom
Wilbur Diaz,25,Twenty-five,,,Groom
Breeze Stone,25,Twenty-five,,,Groom
Glenn Sanders,25,Twenty-five,,,Groom
Echo Newman,25,Twenty-five,,,Groom
Dale Cole,26,Twenty-six,,,Bride
Lark Murray,26,Twenty-six,,,Bride
Curtis Wells,26,Twenty-six,,,Bride
Wren Foster,26,Twenty-six,,,Bride
Neil Hayes,26,Twenty-six,,,Bride
Robin Bishop,26,Twenty-six,,,Bride
Gilbert Webb,26,Twenty-six,,,Bride
Sparrow Day,26,Twenty-six,,,Bride
Ronald Fox,26,Twenty-six,,,Bride
Raven Vega,26,Twenty-six,,,Bride
Victor Lucas,27,Twenty-seven,,,Bride
Dove Shaw,27,Twenty-seven,,,Bride
Martin Rice,27,Twenty-seven,,,Bride
Willow Olsen,27,Twenty-seven,,,Bride
Dennis Black,27,Twenty-seven,,,Bride
Hazel Grant,27,Twenty-seven,,,Bride
Gregory Rose,27,Twenty-seven,,,Bride
Olive Chapman,27,Twenty-seven,,,Bride
Stanley Ford,27,Twenty-seven,,,Bride
Ruby Perry,27,Twenty-seven,,,Bride
Leonard Powell,28,Twenty-eight,,,Bride
Jade Simmons,28,Twenty-eight,,,Bride
Terry Henderson,28,Twenty-eight,,,Bride
Luna Brooks,28,Twenty-eight,,,Bride
Barry Wood,28,Twenty-eight,,,Bride
Stella Watson,28,Twenty-eight,,,Bride
Gary Coleman,28,Twenty-eight,,,Bride
Aurora Jenkins,28,Twenty-eight,,,Bride
Keith Bryant,28,Twenty-eight,,,Bride
Iris Sullivan,28,Twenty-eight,,,Bride
Roger Bell,29,Twenty-nine,,,Groom
Ivy Rivera,29,Twenty-nine,,,Groom
Philip Cooper,29,Twenty-nine,,,Groom
Maya Richardson,29,Twenty-nine,,,Groom
Jerry Morgan,29,Twenty-nine,,,Groom
Willow Gomez,29,Twenty-nine,,,Groom
Lawrence Myers,29,Twenty-nine,,,Groom
Clara Brown,29,Twenty-nine,,,Groom
Douglas Diaz,29,Twenty-nine,,,Groom
Vivian Stone,29,Twenty-nine,,,Groom
Patrick Sanders,30,Thirty,,,Groom
Stella Newman,30,Thirty,,,Groom
Stephen Cole,30,Thirty,,,Groom
Nova Murray,30,Thirty,,,Groom
Arthur Wells,30,Thirty,,,Groom
Leah Foster,30,Thirty,,,Groom
Albert Hayes,30,Thirty,,,Groom
Olive Bishop,30,Thirty,,,Groom
Harold Webb,30,Thirty,,,Groom
Quinn Day,30,Thirty,,,Groom
Walter Fox,31,Thirty-one,,,Groom
Willow Vega,31,Thirty-one,,,Groom
Eugene Lucas,31,Thirty-one,,,Groom
Hazel Shaw,31,Thirty-one,,,Groom
Vincent Rice,31,Thirty-one,,,Groom
Ruby Olsen,31,Thirty-one,,,Groom
Clarence Black,31,Thirty-one,,,Groom
Jade Grant,31,Thirty-one,,,Groom
Russell Rose,31,Thirty-one,,,Groom
Freya Chapman,31,Thirty-one,,,Groom
Howard Ford,32,Thirty-two,,,Bride
Luna Perry,32,Thirty-two,,,Bride
Francis Powell,32,Thirty-two,,,Bride
Aurora Simmons,32,Thirty-two,,,Bride
Bernard Henderson,32,Thirty-two,,,Bride
Isla Brooks,32,Thirty-two,,,Bride
Edgar Wood,32,Thirty-two,,,Bride
Rose Watson,32,Thirty-two,,,Bride
Melvin Coleman,32,Thirty-two,,,Bride
Amelia Jenkins,32,Thirty-two,,,Bride
Theodore Bryant,33,Thirty-three,,,Bride
Eleanor Sullivan,33,Thirty-three,,,Bride
Clifford Bell,33,Thirty-three,,,Bride
Eloise Rivera,33,Thirty-three,,,Bride
Harvey Cooper,33,Thirty-three,,,Bride
Penelope Richardson,33,Thirty-three,,,Bride
Raymond Morgan,33,Thirty-three,,,Bride
Violet Gomez,33,Thirty-three,,,Bride
Edwin Myers,33,Thirty-three,,,Bride
Scarlett Brown,33,Thirty-three,,,Bride
Chester Diaz,34,Thirty-four,,,Groom
Beatrice Stone,34,Thirty-four,,,Groom
Cecil Sanders,34,Thirty-four,,,Groom
Margot Newman,34,Thirty-four,,,Groom
Lloyd Cole,34,Thirty-four,,,Groom
Josephine Murray,34,Thirty-four,,,Groom
Roy Wells,34,Thirty-four,,,Groom
Willow Foster,34,Thirty-four,,,Groom
Dale Hayes,34,Thirty-four,,,Groom
Clementine Bishop,34,Thirty-four,,,Groom
Gene Webb,35,Thirty-five,,,Bride
Matilda Day,35,Thirty-five,,,Bride
Perry Fox,35,Thirty-five,,,Bride
Alice Vega,35,Thirty-five,,,Bride
Grant Lucas,35,Thirty-five,,,Bride
Phoebe Shaw,35,Thirty-five,,,Bride
Sidney Rice,35,Thirty-five,,,Bride
Sylvie Olsen,35,Thirty-five,,,Bride
Spencer Black,35,Thirty-five,,,Bride
Wren Grant,35,Thirty-five,,,Bride
Lewis Rose,36,Thirty-six,,,Groom
Lyra Chapman,36,Thirty-six,,,Groom
Jerome Ford,36,Thirty-six,,,Groom
Dahlia Perry,36,Thirty-six,,,Groom
Leroy Powell,36,Thirty-six,,,Groom
Hazel Simmons,36,Thirty-six,,,Groom
Maurice Henderson,36,Thirty-six,,,Groom
Juniper Brooks,36,Thirty-six,,,Groom
Dennis Wood,36,Thirty-six,,,Groom
Skye Watson,36,Thirty-six,,,Groom
Reginald Coleman,37,Thirty-seven,,,Bride
Summer Jenkins,37,Thirty-seven,,,Bride
Franklin Bryant,37,Thirty-seven,,,Bride
Autumn Sullivan,37,Thirty-seven,,,Bride
Wesley Bell,37,Thirty-seven,,,Bride
Winter Rivera,37,Thirty-seven,,,Bride
Byron Cooper,37,Thirty-seven,,,Bride
River Richardson,37,Thirty-seven,,,Bride
Otto Morgan,37,Thirty-seven,,,Bride
Ocean Gomez,37,Thirty-seven,,,Bride
Warren Myers,38,Thirty-eight,,,Groom
Forest Brown,38,Thirty-eight,,,Groom
Arnold Diaz,38,Thirty-eight,,,Groom
Meadow Stone,38,Thirty-eight,,,Groom
Milton Sanders,38,Thirty-eight,,,Groom
Willow Newman,38,Thirty-eight,,,Groom
Glenn Cole,38,Thirty-eight,,,Groom
Lily Murray,38,Thirty-eight,,,Groom
Curtis Wells,38,Thirty-eight,,,Groom
Rose Foster,38,Thirty-eight,,,Groom
Chester Hayes,39,Thirty-nine,,,Bride
Daisy Bishop,39,Thirty-nine,,,Bride
Conrad Webb,39,Thirty-nine,,,Bride
Violet Day,39,Thirty-nine,,,Bride
Everett Fox,39,Thirty-nine,,,Bride
Poppy Vega,39,Thirty-nine,,,Bride
Gilbert Lucas,39,Thirty-nine,,,Bride
Iris Shaw,39,Thirty-nine,,,Bride
Wade Rice,39,Thirty-nine,,,Bride
Jasmine Olsen,39,Thirty-nine,,,Bride
Stuart Black,40,Forty,,,Groom
Magnolia Grant,40,Forty,,,Groom
Clyde Rose,40,Forty,,,Groom
Clover Chapman,40,Forty,,,Groom
Sheldon Ford,40,Forty,,,Groom
Marigold Perry,40,Forty,,,Groom
Vernon Powell,40,Forty,,,Groom
Petunia Simmons,40,Forty,,,Groom
Cecil Henderson,40,Forty,,,Groom
Zinnia Brooks,40,Forty,,,Groom
Duane Wood,41,Forty-one,,,Bride
Blossom Watson,41,Forty-one,,,Bride
Garland Coleman,41,Forty-one,,,Bride
Fern Jenkins,41,Forty-one,,,Bride
Boyd Bryant,41,Forty-one,,,Bride
Brooke Sullivan,41,Forty-one,,,Bride
Lamont Bell,41,Forty-one,,,Bride
Misty Rivera,41,Forty-one,,,Bride
Forrest Cooper,41,Forty-one,,,Bride
Dawn Richardson,41,Forty-one,,,Bride
Horace Morgan,42,Forty-two,,,Groom
Sunny Gomez,42,Forty-two,,,Groom
Kent Myers,42,Forty-two,,,Groom
Sky Brown,42,Forty-two,,,Groom
Lamar Diaz,42,Forty-two,,,Groom
Rain Stone,42,Forty-two,,,Groom
Newell Sanders,42,Forty-two,,,Groom
Stormy Newman,42,Forty-two,,,Groom
Orville Cole,42,Forty-two,,,Groom
Breeze Murray,42,Forty-two,,,Groom
Roscoe Wells,43,Forty-three,,,Bride
Echo Foster,43,Forty-three,,,Bride
Sterling Hayes,43,Forty-three,,,Bride
Lark Bishop,43,Forty-three,,,Bride
Vaughn Webb,43,Forty-three,,,Bride
Wren Day,43,Forty-three,,,Bride
Wendell Fox,43,Forty-three,,,Bride
Robin Vega,43,Forty-three,,,Bride
Wilfred Lucas,43,Forty-three,,,Bride
Sparrow Shaw,43,Forty-three,,,Bride
Alonzo Rice,44,Forty-four,,,Groom
Raven Olsen,44,Forty-four,,,Groom
Barrett Black,44,Forty-four,,,Groom
Dove Grant,44,Forty-four,,,Groom
Colby Rose,44,Forty-four,,,Groom
Willow Chapman,44,Forty-four,,,Groom
Dustin Ford,44,Forty-four,,,Groom
Hazel Perry,44,Forty-four,,,Groom
Eldon Powell,44,Forty-four,,,Groom
Olive Simmons,44,Forty-four,,,Groom
Foster Henderson,45,Forty-five,,,Bride
Ruby Brooks,45,Forty-five,,,Bride
Grover Wood,45,Forty-five,,,Bride
Jade Watson,45,Forty-five,,,Bride
Jarvis Coleman,45,Forty-five,,,Bride
Luna Jenkins,45,Forty-five,,,Bride
Leland Bryant,45,Forty-five,,,Bride
Stella Sullivan,45,Forty-five,,,Bride
Marion Bell,45,Forty-five,,,Bride
Aurora Rivera,46,VIP,,,Bride
Martin Peterson,46,VIP,,,Bride
Diana Hughes,46,VIP,,,Bride
Calvin Baker,46,VIP,,,Bride
Megan Lewis,46,VIP,,,Bride
Spencer Cook,46,VIP,,,Bride
Beverly Allen,46,VIP,,,Bride
Roger Price,46,VIP,,,Bride
